Time_max,Time_min,Time_mean,Time_q1,Time_q2,Time_q3,LatitudeDegrees_max,LatitudeDegrees_min,LatitudeDegrees_mean,LatitudeDegrees_q1,LatitudeDegrees_q2,LatitudeDegrees_q3,LongitudeDegrees_max,LongitudeDegrees_min,LongitudeDegrees_mean,LongitudeDegrees_q1,LongitudeDegrees_q2,LongitudeDegrees_q3,AltitudeMeters_max,AltitudeMeters_min,AltitudeMeters_mean,AltitudeMeters_q1,AltitudeMeters_q2,AltitudeMeters_q3,HeartRatebpm_max,HeartRatebpm_min,HeartRatebpm_mean,HeartRatebpm_q1,HeartRatebpm_q2,HeartRatebpm_q3,Speed_max,Speed_min,Speed_mean,Speed_q1,Speed_q2,Speed_q3,gps_speed_max,gps_speed_min,gps_speed_mean,gps_speed_q1,gps_speed_q2,gps_speed_q3,gps_acc_max,gps_acc_min,gps_acc_mean,gps_acc_q1,gps_acc_q2,gps_acc_q3,label,fields_num,props_num,#ref
1616672751,1616672174,1616672462.6083188,1616672317.5,1616672463.0,1616672607.5,41.386666,41.375667,41.37951881629116,41.3763735,41.378723,41.3823135,2.164802,2.143702,2.1535620849220103,2.148712,2.152622,2.1590415,62.8,1.8,11.082149046793761,5.8,8.6,11.0,108.0,47.0,72.74870017331023,61.0,68.0,86.0,19.2,0.0,4.5280762564991335,3.4,4.7,6.0,2.117898432723161e-05,0,4.3912861021262e-06,1.2681844489584715e-06,3.516748264014725e-06,6.203069114208629e-06,2.117898432723161e-05,-1.710562725710981e-05,-5.4384217182651795e-09,-2.0989681038673848e-06,0.0,1.486307172302732e-06,bike,9,6,#60
1612522932,1612520444,1612521715.3235433,1612521155.0,1612521683.0,1612522218.0,41.609322,41.585869,41.5982495333965,41.592384,41.59919,41.604175,0.642199,0.614975,0.6274684159166272,0.621987,0.62699,0.6341,209.6,135.8,146.26669824727617,138.4,143.6,148.4,185.0,90.0,168.73282804358124,164.0,169.0,174.0,13.1,0.0,3.5045002368545712,3.4,3.6,3.6,81.0,0.0,76.87825675035528,77.0,77.0,78.0,6.115811637922222e-05,0,3.5567383211226755e-06,3.2688202920330337e-06,3.554187957460774e-06,3.7705808287855878e-06,6.115811637922222e-05,-5.723013952549259e-05,2.7688825614114647e-08,-3.087357660828064e-07,0.0,3.154077708384525e-07,run,9,6,#96
1616410657,1616410011,1616410347.7738287,1616410193.0,1616410348.0,1616410503.0,41.389891,41.386534,41.38821301453958,41.387296,41.388118,41.389136,2.175228,2.165942,2.170588516962843,2.167968,2.170922,2.173107,64.8,-24.6,12.294668820678513,0.8,15.2,22.2,133.0,66.0,118.47334410339256,116.0,120.0,124.0,11.2,0.0,1.7350565428109854,1.0,1.6,2.2,2.1805778570752745e-05,0,1.7410416535067209e-06,0.0,1.9452857767095077e-06,2.6763624715202267e-06,1.4126182567658518e-05,-1.8535621925800374e-05,3.078875817967974e-24,-8.219888653778966e-07,0.0,4.227353396169341e-07,walk,9,6,#46
1616759648,1616758780,1616759218.4895349,1616759003.25,1616759218.5,1616759433.75,41.38936,41.383382,41.38693063488372,41.385878,41.3869185,41.388291,2.139038,2.116063,2.1258279627906975,2.11725,2.126861,2.13267625,64.0,29.0,50.96906976744186,45.25000000000001,52.0,57.2,120.0,45.0,78.67558139534884,64.0,74.0,94.0,10.1,0.0,3.0263953488372093,1.2,3.5,4.8,1.3015147472806761e-05,0,3.001284524017729e-06,2.502707635817666e-07,3.1854960625113925e-06,4.999107504454615e-06,1.3015147472806761e-05,-1.0889091960926526e-05,-4.947143068905584e-11,-1.5845763177176368e-07,0.0,1.67592497359883e-07,bike,9,6,#59
1609230071,1609227400,1609228653.80638,1609227996.5,1609228561.0,1609229441.5,41.497334,41.478272,41.48839654718653,41.484672,41.488,41.492539,0.528153,0.50877,0.518368105892778,0.514913,0.518602,0.522861,165.0,136.6,147.49020824102791,141.6,146.2,151.0,167.0,90.0,147.75409836065575,139.0,157.0,159.0,6.6,0.0,3.1688081524147096,2.9,3.2,3.4,102.0,50.0,77.99246787771378,77.0,78.0,79.0,2.312800265133079e-05,0,3.1936075846822425e-06,2.7848607959509584e-06,3.2514402572767516e-06,3.65442212941851e-06,2.312800265133079e-05,-1.992334021782944e-05,-7.913795224868401e-10,-4.511728755420314e-07,-7.614154478904415e-09,4.0808888941952143e-07,run,9,6,#107
1491657878,1491655198,1491656441.7044854,1491655668.0,1491656328.0,1491657195.0,42.583416,42.562107,42.57693180474934,42.573351,42.579816,42.58186,0.5692,0.547679,0.5582278707124011,0.549581,0.559438,0.566231,1903.1,1684.0,1779.8284960422163,1722.7,1753.7,1845.0,184.0,98.0,162.5963060686016,153.0,170.0,175.0,3.3,0.0,2.2393139841688656,2.1,2.3,2.7,96.0,0.0,81.0131926121372,84.0,87.0,89.0,3.661495193167367e-06,0,2.2061696553335915e-06,2.103178443174922e-06,2.3295005850052916e-06,2.663873008475186e-06,2.951012885292275e-06,-1.2784910117610473e-06,7.817254295938632e-09,-1.6359081773458948e-08,6.492624566975258e-11,1.6558489200278037e-08,run,9,6,#23
1600581922,1600578284,1600580040.8657851,1600579039.5,1600579807.0,1600580996.5,41.674643,41.64681,41.66137828264463,41.6531825,41.660154,41.669688,0.575997,0.54419,0.5604638234710744,0.553237,0.557327,0.5706534999999999,336.2,208.6,246.5445950413223,222.6,239.4,262.2,193.0,91.0,136.50380165289255,116.0,137.0,158.0,5.0,0.0,3.465619834710744,3.2,3.6,3.8,106.0,0.0,78.23834710743802,79.0,79.0,80.0,2.165594576536017e-05,0,3.476162238455546e-06,3.209158373510966e-06,3.566954010112595e-06,3.895366857364874e-06,2.165594576536017e-05,-2.165594576536017e-05,-3.835755927560806e-10,-3.151738036209331e-07,6.163403324494464e-13,3.3054731967737084e-07,run,9,6,#102
1604226306,1604214732,1604220615.70127,1604217516.0,1604220593.0,1604223653.0,41.7397,41.670559,41.71615515295417,41.700427,41.723331,41.732163,0.598104,0.519062,0.5573172722252899,0.54118,0.563118,0.570218,398.4,256.6,356.3346217559359,357.0,364.6,376.8,16.0,0.0,6.599171728326891,5.5,6.8,7.5,1.6133152094207955e-05,0,6.5875930959814404e-06,5.3526047302092995e-06,6.737350125019805e-06,7.533117413942237e-06,1.6856269315457382e-06,-1.8709915389231945e-06,-6.722959947667931e-09,-3.153504603427456e-08,-2.73997871626584e-10,2.9430971025470487e-08,bike,9,6,#36
1610119716,1610116283,1610117981.4425848,1610117141.5,1610117986.0,1610118809.5,45.901663,45.870477,45.89042705410666,45.8825135,45.892495,45.899628,6.144145,6.11909,6.135058641884002,6.1279775,6.137809,6.1427655,457.8,450.4,452.7286492798754,451.7,452.4,453.3,5.5,0.0,3.024601012066952,3.0,3.3,3.5,8.956692340774053e-06,0,3.305725586435416e-06,2.5536487504757085e-06,3.5716825865723518e-06,4.120762695412291e-06,5.957229798738817e-06,-4.499885342493369e-06,2.3168025084152652e-07,-6.291116208342731e-07,-5.696798584231652e-08,1.2151395509843655e-06,run,9,6,#4
1607768067,1607765834,1607766950.9838781,1607766392.5,1607766951.0,1607767509.5,41.708758,41.686964,41.69691945812808,41.690584,41.697247,41.702835,0.598414,0.580901,0.5877005490371697,0.5826104999999999,0.584998,0.5927534999999999,297.0,244.6,274.3676220331393,254.75,276.8,290.3,5.4,0.0,3.197536945812808,2.8,3.3,3.6,6.221112097763321e-06,0,3.2107244203862022e-06,2.0846830516042955e-06,3.4694340024505865e-06,4.024483400256682e-06,4.779631233682166e-06,-3.110296901894965e-06,1.3060870060532989e-09,-1.0833855608071307e-06,1.1748856022922505e-07,1.1642811880653752e-06,run,9,6,#32
1614060482,1614057240,1614058846.2648556,1614057838.25,1614059096.5,1614059701.75,41.387037,41.367754,41.379526629456706,41.376503,41.379693,41.383480999999996,2.191537,2.166332,2.1818349011035654,2.1754105,2.1830499999999997,2.1889645,95.6,-26.0,13.204329371816637,-0.8,2.0,27.0,181.0,108.0,164.69100169779287,161.0,166.0,171.0,7.6,0.0,3.1927843803056026,2.9,3.2,3.6,84.0,0.0,77.27461799660442,77.0,78.0,78.0,0.00031290709605295326,0,3.2350757838820392e-06,2.13033905804036e-06,3.0490193192388458e-06,3.5814769382424593e-06,0.00031290709605295326,-0.00030872489932443135,-2.387252546145926e-09,-2.995209514602138e-07,0.0,3.194922115531104e-07,run,9,6,#68
1605429569,1605422595,1605426090.9588468,1605424343.75,1605426090.0,1605427830.25,45.641689,45.619351,45.6292091,45.62390775,45.629372,45.63356425,5.909701,5.898139,5.904299318489065,5.901378750000001,5.9046935000000005,5.9072232499999995,385.6,306.4,349.9722862823062,336.4,352.55,362.0,11.8,0.0,3.578926441351889,2.0,2.9,4.8,5.102759285277817e-05,0,3.7376450855521918e-06,1.7973665283315919e-06,3.1935700966547143e-06,5.206195845543908e-06,4.629106771751352e-05,-2.738053580623964e-05,1.1210748965016629e-07,-6.239979622934243e-07,-1.6441618105357187e-08,6.930806083767291e-07,bike,9,6,#3
1599579050,1599574593,1599576734.0261204,1599575550.5,1599576528.0,1599577900.5,41.394477,41.366765,41.384421178718725,41.379230500000006,41.386544,41.3901805,2.197975,2.165627,2.1835919403354414,2.176756,2.186178,2.18953,62.6,0.8,19.65361561726698,9.6,16.4,26.6,192.0,102.0,158.4259004674182,156.0,160.0,164.0,5.4,0.0,2.9547154248006597,2.8,3.1,3.4,80.0,0.0,76.03051965905966,77.0,77.0,78.0,0.00021358235930822199,0,3.1221585649747884e-06,2.612813965681954e-06,3.0536659568532534e-06,3.4404658035374323e-06,0.00021358235930822199,-0.00021358235930822199,1.7341945858922702e-08,-3.397253069645755e-07,-2.4665357426732195e-13,3.1671627887788595e-07,run,9,6,#77
1602130820,1602126635,1602128755.3588142,1602127789.25,1602128687.5,1602130155.75,41.374413,41.363434,41.36816204485179,41.366176,41.3680095,41.369494,2.17018,2.144447,2.158191007800312,2.15052025,2.158347,2.1659444999999997,167.2,28.0,86.24165366614665,64.8,84.4,104.0,190.0,116.0,161.00546021840873,158.0,162.5,168.0,4.4,0.0,2.6355304212168487,2.2,3.0,3.4,117.0,0.0,76.4723088923557,79.0,80.0,80.0,2.5777506059963287e-05,0,2.7024119650680666e-06,2.5003600306906786e-06,3.004139051056455e-06,3.4050481554882695e-06,2.5777506059963287e-05,-2.3280500233377196e-05,-4.9932684712016664e-09,-4.170979090969635e-07,0.0,3.493485192096106e-07,run,9,6,#101
1616773937,1616772773,1616773358.9878998,1616773069.5,1616773359.0,1616773648.5,41.39271,41.382048,41.38786265082109,41.385302,41.388064,41.390192,2.164818,2.124817,2.1476980639585133,2.1409314999999998,2.15034,2.154955,65.4,19.8,38.343474503025064,28.6,37.6,49.3,97.0,49.0,77.61538461538461,73.0,78.0,84.0,10.9,0.0,3.8374243733794295,1.8,4.2,6.0,2.1224490186262294e-05,0,3.839064972204613e-06,1.2559703277765056e-06,4.186183386351503e-06,6.053269882769876e-06,2.1224490186262294e-05,-1.8406251813913477e-05,-1.47723059060068e-09,-1.9399673709430112e-07,0.0,1.9676314102715988e-07,bike,9,6,#64
1615214447,1615210959,1615212827.2536616,1615212007.5,1615212842.0,1615213645.5,45.900826,45.871011,45.88446043346837,45.876759500000006,45.884408,45.891441,6.128752,6.118305,6.124348261140542,6.1222715,6.124902,6.126653,857.4,451.4,647.2626674976628,514.1500000000001,655.7,769.65,8.6,0.0,2.84122779682144,2.0,3.0,3.7,2.664975686051438e-05,0,2.9363419862138676e-06,1.4783280549383418e-06,3.3422062843161172e-06,4.003765271216783e-06,2.246472071536135e-05,-2.44137690419326e-05,-4.178072943872247e-09,-4.0923861793345026e-07,2.201392183808577e-08,5.592327752342386e-07,run,9,6,#42
1610037129,1610030788,1610034277.1580064,1610031476.75,1610034257.5,1610036522.25,41.618477,41.60369,41.60955199787911,41.606361,41.608768,41.61015625,0.646262,0.618992,0.6339148621420997,0.629496,0.634193,0.6385525,187.2,130.0,147.48769883351008,142.4,143.8,150.05,175.0,97.0,156.86691410392365,156.0,159.0,163.0,10.3,0.0,3.02492046659597,2.6,3.0,3.4,82.0,55.0,78.01802757158006,77.0,78.0,79.0,0.0013804012086996136,0,4.132484037240821e-06,2.516174889565237e-06,3.0637776954335067e-06,3.5742064738822455e-06,0.0013804012086996136,-0.0013778697195729937,-4.716212499365004e-11,-5.62435522286019e-07,-1.6191555970097217e-08,4.106348704189914e-07,run,9,6,#83
1615018305,1615013557,1615016043.925761,1615014876.5,1615016132.0,1615017251.5,41.45321,41.435533,41.447063601583764,41.443315,41.448349,41.450707,2.176462,2.14297,2.1587133758970554,2.152279,2.1551,2.166319,328.2,128.2,247.11056669141303,216.0,263.0,283.29999999999995,208.0,89.0,162.44889878742885,159.0,165.0,171.0,6.3,0.0,2.5226924028705766,2.0,2.7,3.2,122.0,0.0,75.4281118535016,77.0,78.0,79.0,6.211121156928256e-05,0,2.58556901478455e-06,2.2419495299900613e-06,2.7811226142931386e-06,3.3513296487541587e-06,6.211121156928256e-05,-5.95268223898843e-05,1.4977996024943702e-09,-4.605440604912063e-07,0.0,4.146289520760858e-07,run,9,6,#103
1618504989,1618501631,1618503247.1018853,1618502388.75,1618503097.5,1618504202.25,41.39416,41.367821,41.38288702828137,41.377903,41.384716499999996,41.387514499999995,2.196822,2.165558,2.183629006163887,2.17694525,2.1865105,2.18940725,33.4,-83.0,0.26004350978970264,-1.8,1.4,5.8,200.0,117.0,165.7422044960116,159.0,164.0,171.0,7.7,0.0,3.347643219724438,3.0,3.4,3.7,100.0,0.0,76.90935460478607,76.0,77.0,78.0,0.0001592656681384222,0,3.471679660394191e-06,2.591173256590494e-06,3.2969939609698617e-06,3.7817431217026017e-06,0.0001592656681384222,-0.00015713725942871504,1.0065856178399508e-08,-4.6525574276335963e-07,-6.13619150591449e-13,3.5451935948906494e-07,run,9,6,#79
1600790171,1600786028,1600788091.9297066,1600786930.25,1600787765.5,1600789275.75,41.39649,41.384739,41.39024136338631,41.387837,41.3901805,41.392502,2.21138,2.16563,2.188457635391198,2.1774465,2.188679,2.1993635000000005,52.6,-4.6,9.771332518337408,1.8,9.2,16.15,9.2,0.0,3.34031173594132,3.1,3.4,3.6,2.6176238293702528e-05,0,3.3986428104594087e-06,2.9106530380019728e-06,3.382354537060564e-06,3.740475272332563e-06,2.6176238293702528e-05,-2.2067419768913884e-05,5.30771175384195e-09,-3.4423627208443266e-07,-1.777069479982511e-13,2.9435570541455786e-07,run,9,6,#17
1600187158,1600182867,1600184989.96438,1600183907.75,1600184871.5,1600186107.25,41.394317,41.366122,41.38441433298153,41.379658,41.3870285,41.38984375,2.196858,2.16549,2.1853872469656994,2.178976,2.1890039999999997,2.191965,88.4,-8.6,14.591451187335092,4.6,8.2,20.8,177.0,108.0,158.91160949868075,155.0,159.0,165.0,8.0,0.0,3.016622691292876,2.8,3.0,3.2,80.0,0.0,76.87836411609499,77.0,77.0,78.0,0.00026087573112623305,0,3.1442321688819224e-06,2.7445666908160748e-06,3.052235726580262e-06,3.4024336823661882e-06,0.00026087573112623305,-0.0002579834589312625,5.845812459457204e-09,-3.409537728343513e-07,-4.004690414986166e-13,3.261365355386254e-07,run,9,6,#100
1600790171,1600786028,1600788091.9297066,1600786930.25,1600787765.5,1600789275.75,41.39649,41.384739,41.39024136338631,41.387837,41.3901805,41.392502,2.21138,2.16563,2.188457635391198,2.1774465,2.188679,2.1993635000000005,52.6,-4.6,9.771332518337408,1.8,9.2,16.15,182.0,99.0,160.29187041564794,157.0,163.0,168.0,9.2,0.0,3.34031173594132,3.1,3.4,3.6,85.0,0.0,76.6989608801956,76.0,77.0,77.0,2.6176238293702528e-05,0,3.3986428104594087e-06,2.9106530380019728e-06,3.382354537060564e-06,3.740475272332563e-06,2.6176238293702528e-05,-2.2067419768913884e-05,5.30771175384195e-09,-3.4423627208443266e-07,-1.777069479982511e-13,2.9435570541455786e-07,run,9,6,#78
1605035029,1605033542,1605034256.224138,1605033916.75,1605034259.5,1605034605.25,41.39433,41.376045,41.388193482008994,41.385608999999995,41.3898935,41.391478,2.196708,2.171267,2.1845319827586205,2.1756975,2.1859219999999997,2.192807,34.8,-3.8,18.43433283358321,8.8,23.2,25.2,185.0,85.0,162.72188905547227,158.0,162.0,171.0,9.0,0.0,3.650824587706147,3.5,3.7,3.9,81.0,0.0,77.40629685157421,78.0,78.0,79.0,1.431194961275951e-05,0,3.1360443031160685e-06,2.656077744560059e-06,3.683910634273427e-06,3.94298100946743e-06,1.417915512185579e-05,-1.1936810298180823e-05,2.4553087707545306e-09,-6.457247359329435e-08,0.0,6.538487942047249e-08,run,9,6,#80
1607425920,1607421519,1607423701.375711,1607422553.5,1607423550.0,1607425051.5,41.453216,41.438198,41.44694891769823,41.443355,41.44737,41.450013,2.16994,2.142962,2.1559582228169956,2.152329,2.154098,2.1605655,328.4,120.0,248.5614586818334,239.2,261.6,278.8,220.0,102.0,152.5128805620609,138.0,159.0,162.0,5.2,0.0,2.577049180327869,2.2,2.8,3.2,116.0,0.0,76.84008029441284,78.0,79.0,80.0,4.6368188838285355e-05,0,2.6915702840732637e-06,2.3681929934752443e-06,2.934441759470029e-06,3.3338156372372366e-06,4.6368188838285355e-05,-4.384569516177477e-05,1.505100670546201e-09,-2.9511620111050005e-07,0.0,2.5642041425363886e-07,run,9,6,#105
1489922855,1489917417,1489920068.6975806,1489918689.0,1489920002.5,1489921455.75,41.708834,41.680296,41.69285397311828,41.684048250000004,41.6934055,41.69833575,0.600814,0.58181,0.593136815860215,0.59077775,0.595167,0.59713825,300.3,243.8,260.36344086021506,249.0,250.5,268.9,179.0,105.0,159.27956989247312,157.0,160.0,163.0,4.4,0.0,2.4696236559139786,2.4,2.5,2.7,95.0,0.0,83.49731182795699,84.0,85.0,87.0,6.229338179758149e-06,0,2.4707257636835584e-06,2.3464974576938063e-06,2.5004616603017947e-06,2.6653051404116497e-06,2.379387750868074e-06,-1.912962069885074e-06,1.820531451839772e-10,-2.0052495754372743e-08,1.0532772850831162e-11,1.8323758639981277e-08,run,9,6,#31
1490522358,1490516345,1490519257.673445,1490517715.5,1490519177.0,1490520822.25,41.708768,41.682016,41.692056171052634,41.683314249999995,41.69094,41.6990075,0.60081,0.581718,0.5930609354066986,0.59080925,0.594306,0.5967659999999999,301.9,243.8,259.1668660287081,249.2,250.4,258.875,178.0,98.0,159.3755980861244,157.0,160.0,163.0,3.3,0.0,2.5001196172248803,2.4,2.6,2.7,94.0,0.0,83.39712918660287,84.0,86.0,88.0,3.733680077059411e-06,0,2.4813286953535828e-06,2.3996508490172333e-06,2.553025371271748e-06,2.697050222948311e-06,2.119219412971233e-06,-1.8247059564400307e-06,1.1101551603125977e-09,-1.8244388645553683e-08,-9.241632013437529e-10,1.898090626883647e-08,run,9,6,#30
1602819729,1602817175,1602818438.6542642,1602817785.25,1602818410.5,1602819106.75,41.39423,41.374989,41.38426260075251,41.37956125,41.384902,41.38874325,2.19688,2.165988,2.181969975752508,2.17392575,2.1821525,2.1900695,165.8,-20.0,16.859866220735785,3.4,6.2,15.2,182.0,123.0,164.73871237458195,161.0,165.0,170.0,6.9,0.0,3.476672240802676,3.4,3.6,3.7,81.0,0.0,79.12876254180603,79.0,80.0,80.0,3.937252137234154e-05,0,3.3844094259240824e-06,3.1496284492377482e-06,3.4904304314145553e-06,3.8304915153972185e-06,3.937252137234154e-05,-3.635019264965369e-05,-8.631449517803005e-10,-3.120236217183393e-07,0.0,3.346504457598624e-07,run,9,6,#76
1595481320,1595477576,1595479577.9201136,1595478660.0,1595479703.0,1595480513.0,41.602339,41.58905,41.59527203757499,41.592573,41.595078,41.597622,0.659165,0.645545,0.6526882466056204,0.65103,0.652193,0.65497,202.6,152.8,182.52819703189138,175.4,184.4,191.2,178.0,88.0,158.0154720555731,158.0,161.0,163.0,8.0,0.0,2.7912851278812756,2.6,2.8,3.2,101.0,0.0,78.51657720239974,79.0,80.0,81.0,3.407984419468519e-05,0,2.82350909270514e-06,2.531951771694189e-06,2.8701792910665632e-06,3.228939168522455e-06,3.407984419468519e-05,-3.407984419468519e-05,7.868595376116782e-09,-3.060756741808758e-07,0.0,2.642733027056107e-07,run,9,6,#97
1609583503,1609579947,1609581578.817479,1609580706.0,1609581588.0,1609582383.0,41.607606,41.582371,41.59681344504202,41.589709,41.599347,41.602573,0.646995,0.614978,0.6282062608403362,0.620732,0.626632,0.635435,186.6,122.2,142.43159663865546,137.4,140.8,144.4,176.0,107.0,157.5347899159664,157.0,160.0,161.0,5.0,0.0,3.425848739495798,3.4,3.4,3.6,83.0,0.0,78.44470588235293,78.0,79.0,79.0,2.3687697060749405e-05,0,3.4694807449785115e-06,3.2257247608520685e-06,3.4712416153268655e-06,3.735173936681512e-06,2.3687697060749405e-05,-2.0193815875689692e-05,1.5610122818317788e-09,-3.2101313825871604e-07,-2.6099784090688125e-13,3.2396979022997293e-07,run,9,6,#69
1607425920,1607421519,1607423701.375711,1607422553.5,1607423550.0,1607425051.5,41.453216,41.438198,41.44694891769823,41.443355,41.44737,41.450013,2.16994,2.142962,2.1559582228169956,2.152329,2.154098,2.1605655,328.4,120.0,248.5614586818334,239.2,261.6,278.8,5.2,0.0,2.577049180327869,2.2,2.8,3.2,4.6368188838285355e-05,0,2.6915702840732637e-06,2.3681929934752443e-06,2.934441759470029e-06,3.3338156372372366e-06,4.6368188838285355e-05,-4.384569516177477e-05,1.505100670546201e-09,-2.9511620111050005e-07,0.0,2.5642041425363886e-07,run,9,6,#18
1603612249,1603609729,1603610957.1857402,1603610287.75,1603610976.5,1603611648.25,41.388,41.367856,41.38048780381472,41.376066,41.381728,41.38541875,2.196857,2.166465,2.18645682924614,2.18263875,2.18904,2.1917945000000003,71.4,-9.4,9.139146230699364,4.6,7.2,9.2,165.0,93.0,154.0449591280654,151.0,160.0,161.0,9.8,0.0,3.5520890099909175,3.4,3.6,3.8,83.0,0.0,79.59309718437784,79.0,80.0,81.0,8.041061959204768e-05,0,3.5928287870420074e-06,3.2927141120827426e-06,3.5931934880165784e-06,3.901328043349393e-06,8.041061959204768e-05,-7.728537572992051e-05,-3.792861273709147e-10,-2.640457692037426e-07,5.267131092054762e-13,2.734555932998399e-07,run,9,6,#98
1613473768,1613470588,1613472179.4299653,1613471384.5,1613472180.0,1613472974.5,45.686499,45.649143,45.66409484387787,45.6526015,45.662775,45.674186500000005,5.896085,5.88312,5.892837470884483,5.8926455,5.893887,5.894575,237.5,227.8,234.2416430594901,233.3,233.9,235.7,7.4,0.0,3.277683349071451,2.9,3.1,3.5,2.9369463681358923e-05,0,3.299971145347674e-06,3.01110926053425e-06,3.392132256658187e-06,4.226904102094511e-06,2.9369463681358923e-05,-2.776354420096983e-05,2.5703174452596937e-09,-3.33353479229252e-07,2.0361739483436074e-08,8.504971814915924e-07,run,9,6,#6
1617813628,1617810395,1617812043.5762591,1617811196.0,1617811934.0,1617812919.0,41.394317,41.378246,41.38654119267348,41.384438,41.386912,41.389349,2.203922,2.1656,2.185550848185981,2.175902,2.186352,2.195555,62.8,-3.8,12.166185276505812,4.2,7.4,13.6,183.0,111.0,162.04121169425855,158.0,162.0,166.0,10.4,0.0,3.3340965128566395,3.0,3.4,3.6,90.0,0.0,77.22719267347658,77.0,78.0,78.0,0.00010432767217722778,0,3.3873017356540295e-06,2.961130672005428e-06,3.3312210473743976e-06,3.7404120413523748e-06,0.00010432767217722778,-0.00010216370517862226,6.799496915571507e-09,-2.766363008544072e-07,-3.752999502323721e-13,2.696746640969668e-07,run,9,6,#87
1601956272,1601952367,1601954326.1450071,1601953231.0,1601954472.0,1601955336.0,41.394355,41.363738,41.381878567583215,41.376765,41.383267,41.388084,2.196867,2.165526,2.1836557227206947,2.176422,2.186985,2.189417,60.4,-3.8,11.411403762662808,4.2,9.6,15.0,188.0,104.0,168.06367583212736,163.0,168.0,174.0,6.0,0.0,3.3201736613603474,3.2,3.4,3.6,106.0,0.0,78.89464544138929,78.0,79.0,80.0,0.0003902097602170868,0,3.4690058642067695e-06,3.048623120315177e-06,3.3824527146551703e-06,3.7199385469762233e-06,0.0003902097602170868,-0.000387960949443173,3.1761365326636297e-09,-3.8862659655143655e-07,0.0,3.859020028079651e-07,run,9,6,#91
1617944042,1617942727,1617943408.3763866,1617943095.75,1617943411.5,1617943727.25,41.392678,41.382359,41.38787956735341,41.385373,41.387789999999995,41.390237,2.164782,2.11303,2.1405840546751187,2.1278265,2.1438305,2.1533297499999997,83.2,27.6,59.70618066561014,41.8,66.4,75.0,118.0,51.0,74.4270998415214,66.0,72.0,80.0,38.1,0.0,3.6956418383518224,2.2,4.6,5.0,0.0003939668956023052,0,4.459474780215104e-06,6.48443255193399e-07,4.178804913318172e-06,5.0987854380067256e-06,0.0003939668956023052,-0.0003135421815369026,-3.6076086303422066e-24,-1.534643650301424e-07,0.0,1.7770870974917073e-07,bike,9,6,#56
1610464289,1610460826,1610462553.5206485,1610461680.0,1610462557.0,1610463417.0,45.899812,45.871026,45.88509721960633,45.87821,45.887129,45.890541,6.128485,6.113404,6.1220417379390195,6.119436,6.122781,6.124626,851.4,451.2,602.6564646854496,455.6,590.7,711.5,6.1,0.0,2.6077962176765728,1.7,2.6,3.5,9.922574959278476e-06,0,2.840118839607787e-06,1.5011315094669438e-06,2.518496362701375e-06,3.992850219260649e-06,5.887919409013633e-06,-4.968582223557256e-06,1.9216246712921265e-07,-7.316306229618546e-07,-2.745961482051286e-08,1.0828784522793451e-06,run,9,6,#10
1493886789,1493883427,1493885107.9066985,1493884224.25,1493884960.5,1493886079.75,41.642964,41.620366,41.63065589473684,41.627819,41.62818,41.63479475,0.613778,0.602734,0.6088791483253588,0.6057857500000001,0.609776,0.61131,182.7,171.8,176.18803827751196,175.6,176.3,177.4,3.6,0.0,2.807177033492823,2.7,2.9,3.1,92.0,0.0,83.97368421052632,83.0,85.0,86.0,3.788967223105491e-06,0,2.3935487142508864e-06,2.4236395356449405e-06,2.86288349160964e-06,3.0884787129986065e-06,2.6271732579866023e-06,-1.7115323261883054e-06,1.2974407975849398e-09,-1.821039283797716e-08,0.0,1.4514197889368546e-08,run,9,6,#22
1618746806,1618745434,1618746120.1473377,1618745777.0,1618746120.0,1618746463.0,41.370918,41.36137,41.3653840809628,41.362938,41.365376,41.367645,2.15299,2.14319,2.148407067833698,2.145287,2.147265,2.152282,84.4,25.2,58.48227571115974,40.0,62.4,75.4,176.0,105.0,132.0036469730124,117.0,127.0,148.0,3.8,0.0,1.586652078774617,1.2,1.6,2.0,4.416173785938367e-06,0,1.582625283257284e-06,0.0,2.0712316714082957e-06,3.2088445332996165e-06,4.416173785938367e-06,-4.416173785938367e-06,3.4525709142091516e-10,-2.870934265923219e-06,0.0,3.11824661283529e-06,walk,9,6,#49
1611168028,1611165600,1611166734.9454975,1611166056.25,1611166478.5,1611167589.75,41.385597,41.367846,41.3776736492891,41.3759125,41.378659,41.380707,2.189655,2.16931,2.1827402642180096,2.1788295,2.1837775,2.1884865,13.2,-66.2,-6.195616113744076,-8.4,-0.8,2.8,171.0,96.0,155.8584123222749,155.0,156.0,161.0,4.6,0.0,3.2932464454976302,3.2,3.4,3.6,85.0,0.0,76.63862559241706,76.0,77.0,78.0,0.00025192236752868074,0,3.6768223493049113e-06,2.9671216629371106e-06,3.3772421823689095e-06,3.7104509737100087e-06,0.00025192236752868074,-0.0002470233909184013,1.1434925727004454e-07,-3.715242873292617e-07,-5.23929075971124e-09,3.4896752684540623e-07,run,9,6,#81
1613143584,1613139568,1613141551.3379128,1613140523.5,1613141484.0,1613142637.5,45.900819,45.872113,45.88527374398943,45.877632500000004,45.884881,45.892563499999994,6.128628,6.119249,6.124956980977543,6.123003499999999,6.125255,6.126768500000001,839.2,452.0,648.2791281373844,512.3499999999999,669.0,780.3499999999999,7.6,0.0,2.7332892998678995,1.9,2.8,3.6,2.0985853017152763e-05,0,2.7614118236138225e-06,1.4071452027550366e-06,3.1917834094964858e-06,3.871211918396046e-06,1.5568322293574577e-05,-1.6615552304947056e-05,1.3045615055908399e-09,-4.1520950740715406e-07,1.9360709717359363e-08,6.023605836338295e-07,run,9,6,#12
1617095828,1617095480,1617095655.9768116,1617095569.5,1617095656.0,1617095742.5,41.60489,41.602054,41.6033460057971,41.602523000000005,41.60329,41.604063,0.647093,0.63529,0.6419821536231884,0.6379785,0.642635,0.64621,176.6,139.4,152.81391304347827,145.2,148.2,158.1,129.0,52.0,78.19130434782609,66.0,69.0,83.0,5.2,0.0,4.000869565217391,3.8,4.4,4.8,1.0339128341803482e-05,0,4.0018745599185e-06,3.7856507588725963e-06,4.51578014697854e-06,4.9069653440332785e-06,1.0339128341803482e-05,-1.0339128341803482e-05,4.4342409848903645e-10,-1.322483586466013e-07,-9.626766614770355e-16,1.4614989249515122e-07,bike,9,6,#58
1492356561,1492355366,1492356120.970803,1492355917.5,1492356142.0,1492356366.5,42.543045,42.531744,42.5385686350365,42.536024,42.537821,42.541764,0.507346,0.493558,0.5009539562043795,0.498507,0.499777,0.5044919999999999,1352.9,1216.9,1324.2328467153284,1307.2,1331.4,1344.3,183.0,115.0,170.7007299270073,165.0,175.0,179.0,3.4,0.0,2.451824817518248,2.25,2.6,2.8,95.0,56.0,87.24817518248175,86.0,88.0,90.0,4.6361456290602755e-06,0,2.4655732774899875e-06,2.2185236194226316e-06,2.6300109907661736e-06,2.81866457510014e-06,2.6591135989161463e-06,-4.6361456290602755e-06,1.6818107405170226e-08,-2.9966566750133914e-08,-2.352357280751271e-09,2.546398971949958e-08,run,9,6,#16
1604213700,1604210503,1604212093.8808587,1604211205.0,1604211904.0,1604212987.0,41.609328,41.586032,41.60030914132379,41.595718,41.602646,41.60575,0.647043,0.61497,0.6304510085867621,0.622998,0.631247,0.636255,191.0,134.8,150.97223613595708,142.0,150.4,152.4,186.0,71.0,159.48264758497317,159.0,160.0,169.0,5.8,0.0,3.13520572450805,3.0,3.2,3.4,81.0,43.0,78.30268336314847,78.0,78.0,79.0,0.00017723486165655016,0,3.2777519767220643e-06,2.8922635109326055e-06,3.148635249850777e-06,3.4034205129519348e-06,0.00017476502353995353,-0.00017253184305414775,6.558448908123493e-08,-3.2873839409061777e-07,-1.3568654917494411e-13,3.3110030343026863e-07,run,9,6,#75
1599710301,1599706493,1599708352.7206843,1599707339.0,1599708301.0,1599709413.0,41.394147,41.363856,41.38139402581648,41.374646,41.384387,41.387546,2.196848,2.165455,2.1840742566096423,2.177433,2.187687,2.189462,47.6,-4.0,6.5726905132192845,2.6,5.8,8.6,178.0,89.0,158.90451010886468,156.0,162.0,167.0,8.0,0.0,3.305132192846034,3.2,3.4,3.6,103.0,0.0,78.14587869362364,78.0,79.0,80.0,0.00012932324033546194,0,3.4461262838227062e-06,3.076803166147569e-06,3.4021629206090815e-06,3.6964415842635615e-06,0.00012932324033546194,-0.00012932324033546194,5.81954489387004e-09,-3.261827740268403e-07,0.0,3.1290782654465173e-07,run,9,6,#71
1610736997,1610735525,1610736475.239595,1610736262.5,1610736525.0,1610736747.5,41.387693,41.375622,41.38050653993251,41.377611,41.378976,41.3836785,2.184868,2.166885,2.1766441653543307,2.1711985,2.176292,2.18214,19.4,-10.2,1.8746906636670417,-4.300000000000001,-0.4,6.6,172.0,105.0,153.8132733408324,154.0,156.0,157.0,7.9,0.0,3.501124859392576,3.4,3.6,3.8,80.0,0.0,76.57367829021372,77.0,77.0,77.0,4.321746868666493e-05,0,3.6788158218413196e-06,3.2663743145327075e-06,3.6439653004560215e-06,4.003808424518e-06,4.321746868666493e-05,-4.0346819348479156e-05,-4.106705496708586e-08,-4.053333910682468e-07,0.0,4.0247230699168783e-07,run,9,6,#94
1612794145,1612790635,1612792394.7496183,1612791510.25,1612792380.0,1612793280.5,45.901061,45.871018,45.88555114236641,45.87747525,45.8861495,45.893223500000005,6.128531,6.11888,6.124236073282443,6.122368249999999,6.124280499999999,6.126638499999999,857.4,452.0,630.2937786259542,500.92499999999995,630.75,756.5,8.1,0.0,2.76,2.0,2.8,3.5,1.3400324082958363e-05,0,2.9827185980150147e-06,1.7933187623765842e-06,2.8683221810586537e-06,3.945297260967092e-06,1.1307149055180357e-05,-6.273719122884976e-06,1.8571654205628706e-07,-6.668681165978933e-07,-6.037058818168753e-09,1.08205304668974e-06,run,9,6,#40
1603620659,1603612384,1603616610.7130742,1603614408.0,1603616673.0,1603618849.0,41.720941,41.648968,41.678843985865726,41.665116,41.675295,41.690278,0.598059,0.384123,0.5017594756183745,0.443055,0.50691,0.557911,279.0,152.6,211.65455830388692,187.0,206.8,240.0,14.1,0.0,7.101484098939929,5.6,7.2,8.2,1.4205744107023322e-05,0,7.096998580975543e-06,5.551650138675058e-06,7.124313506995814e-06,8.265436725248075e-06,1.0939252100904051e-05,-1.5065983525442484e-06,9.083633926107411e-09,-3.6024546158969715e-08,-6.035955933837e-10,3.318028170660438e-08,bike,9,6,#35
1492875229,1492874408,1492874788.3489933,1492874561.0,1492874777.0,1492875006.5,40.708161,40.706722,40.70748418120805,40.7070505,40.707491,40.707941,0.584334,0.583356,0.5838540067114094,0.5834435,0.583868,0.5842805,5.3,-0.6,1.957718120805369,0.75,1.7,3.2,5.3,0.0,3.7436241610738255,3.4,3.7,4.0,100.0,0.0,87.30872483221476,87.0,88.0,90.0,5.43732554325868e-06,0,3.7259148995538114e-06,3.372764054250418e-06,3.6085415039378e-06,4.04266863005899e-06,9.637253289014056e-07,-3.333389662393706e-07,6.1021186213664255e-09,-3.3211749355191933e-08,1.9594635200366112e-10,2.8184416146292092e-08,run,9,6,#21
1610809033,1610804437,1610806690.2382143,1610805505.0,1610806554.0,1610807911.0,45.198789,45.177957,45.194141187324384,45.192157,45.197533,45.198067,5.731865,5.713542,5.724876991570403,5.720097,5.726586,5.728472,475.8,215.6,298.7096472057446,218.4,246.9,391.5,8.6,0.0,2.8201061504839213,2.4,2.9,3.3,1.6657517394014242e-05,0,3.0731322405123714e-06,1.985756471101726e-06,3.1239370885211596e-06,4.062018583033074e-06,9.268376173815926e-06,-6.4623319653104416e-06,2.0381205888103152e-07,-7.517115582963205e-07,-7.535450262168541e-09,1.2922973472540948e-06,run,9,6,#9
1617773858,1617771961,1617772910.1737065,1617772435.75,1617772910.5,1617773384.25,41.390189,41.381933,41.385104094508975,41.38328325,41.384086,41.38658475,2.175852,2.1667,2.171489544878564,2.170584,2.1713345,2.1719635,40.2,-13.2,16.011087645195353,8.0,16.0,23.0,188.0,72.0,138.77455121436114,115.0,141.0,166.0,9.8,0.0,1.5026927138331574,0.9,1.4,1.9,4.054047861328184e-05,0,1.3946120103146606e-06,0.0,1.0018150303385654e-06,1.8972981554606214e-06,4.054047861328184e-05,-3.8058878918681915e-05,1.5328303566275604e-09,-8.480849711557588e-08,0.0,7.302224553853915e-08,walk,9,6,#50
1615318570,1615317007,1615317793.1067615,1615317368.5,1615317831.0,1615318207.5,41.387286,41.374454,41.381494271174375,41.3777665,41.381971,41.3852475,2.182857,2.165892,2.1758737487544484,2.1715055,2.176167,2.1804550000000003,65.2,-12.0,12.368113879003559,-1.6,4.4,17.4,189.0,133.0,160.77010676156584,155.0,159.0,164.0,7.2,0.0,3.44220640569395,3.2,3.5,3.8,80.0,49.0,76.2270462633452,76.0,76.0,77.0,3.244231513518766e-05,0,3.37140048199298e-06,2.968852370719865e-06,3.490015324954585e-06,3.890669719654531e-06,3.244231513518766e-05,-3.007846957405257e-05,1.3364841720591068e-08,-1.3862493153686785e-07,0.0,1.336405431546194e-07,run,9,6,#70
1613129686,1613127072,1613128425.6010976,1613127677.5,1613128482.0,1613129074.5,41.60768,41.602074,41.60449560363023,41.604026,41.604422,41.604896,0.647052,0.62731,0.6334905246939637,0.6289325,0.630058,0.6377885,177.0,120.4,147.1210637399747,143.6,146.8,149.2,211.0,65.0,166.80962431405658,160.0,169.0,179.0,6.4,0.0,3.08172224567328,2.4,3.3,3.8,82.0,0.0,72.6787674124103,75.0,77.0,78.0,0.0002237963434314439,0,3.2091983207334886e-06,2.807148951227442e-06,3.340089414799093e-06,3.7795143370370266e-06,0.0002237963434314439,-0.0002200245649431313,2.1406892703414724e-09,-4.050097586067915e-07,0.0,3.8996614160253156e-07,run,9,6,#90
1615876184,1615873105,1615874821.867747,1615873955.5,1615874872.0,1615875684.5,41.38727,41.367802,41.379369183481444,41.3754095,41.38065,41.383917,2.189588,2.166795,2.182785190799791,2.178134,2.18483,2.188895,79.6,-8.6,12.424359644537375,7.2,11.6,17.6,5.7,0.0,3.115525352848928,3.0,3.2,3.4,8.396725811790268e-05,0,3.187684582998614e-06,2.8922720262624898e-06,3.187650626399936e-06,3.517455211674403e-06,8.396725811790268e-05,-8.080146062519925e-05,2.390783697950265e-09,-2.6828025647051303e-07,3.0568707558732006e-15,2.5790491775796134e-07,run,9,6,#24
1601389768,1601378746,1601384215.5104666,1601381527.0,1601384210.0,1601386943.5,45.902391,45.75441,45.82340439567656,45.775484500000005,45.821402,45.874912,6.263248,6.111184,6.188155539882337,6.143008,6.207239,6.2280755,519.9,450.1,464.7854152414831,453.8,460.5,469.4,15.9,0.0,5.346203310986455,4.0,5.7,6.9,8.672828943313749e-05,0,5.513422135238101e-06,3.952967431087922e-06,5.886521726836242e-06,7.128261831596626e-06,3.8861669360545865e-05,-7.145080045031614e-05,7.211814350508294e-08,-3.354528451970774e-07,-2.7797977966973386e-08,2.8112761705426703e-07,bike,9,6,#1
1616412748,1616411694,1616412221.4990494,1616411958.25,1616412221.5,1616412484.75,41.388016,41.386726,41.387070621673004,41.386934249999996,41.387029,41.38711275,2.1662,2.164315,2.165866597908745,2.1658995,2.165964,2.166019,47.2,-129.2,11.187262357414449,16.6,28.4,35.8,145.0,44.0,106.56463878326996,106.0,117.0,126.0,13.2,0.0,0.9384980988593156,0.3,0.5,1.1,2.122208022159984e-05,0,9.361365764513683e-07,2.3752264782332833e-07,4.5253587319025473e-07,9.050718951137972e-07,1.760117519187477e-05,-1.6377001597833667e-05,4.086258796649774e-10,-4.765721883937909e-08,0.0,4.0499674945915945e-08,walk,9,6,#47
1595306536,1595304692,1595305579.6334279,1595305136.5,1595305578.0,1595306019.5,41.597776,41.596867,41.5973830101983,41.597197,41.597421,41.597584,0.65252,0.651968,0.6521984294617563,0.652122,0.65217,0.65229,191.2,162.6,181.8286685552408,178.8,182.4,185.2,186.0,82.0,149.23229461756375,134.0,154.0,165.0,7.2,0.0,1.310084985835694,0.6,1.0,1.6,100.0,0.0,58.57677053824363,50.0,56.0,64.0,7.5934385366764134e-06,0,1.2919718448341536e-06,0.0,0.0,2.611727371676829e-06,5.377498284102905e-06,-6.1501627289848735e-06,-7.268054771145226e-10,-2.1192393772454032e-06,0.0,2.1273806420579494e-06,run,9,6,#109
1492181456,1492177837,1492179521.38698,1492178572.0,1492179366.0,1492180511.0,42.54352,42.5276,42.53610243399638,42.531206499999996,42.536038,42.54151,0.50726,0.492037,0.5011831663652803,0.498356,0.501775,0.504702,1353.0,1152.7,1283.987341772152,1212.55,1312.8,1344.0,191.0,87.0,162.6347197106691,152.0,166.0,175.0,4.6,0.0,2.5710669077757684,2.3,2.6,2.9,96.0,0.0,84.63652802893309,83.0,85.0,89.0,3.388743087107787e-05,0,2.4822379707949836e-06,2.0383137066247664e-06,2.595146005823952e-06,2.922806126100662e-06,5.151681054261011e-06,-6.219215614708302e-06,3.117027996196203e-09,-2.8434333571201074e-08,0.0,2.6524525461048403e-08,run,9,6,#26
1488276205,1488272942,1488274522.3649194,1488273624.0,1488274429.0,1488275405.25,41.703141,41.687473,41.69568961290322,41.69208725,41.6963155,41.698695,0.599426,0.586969,0.595068625,0.5935112499999999,0.595434,0.59695575,275.0,243.8,255.8852822580645,250.3,255.75,257.57500000000005,191.0,101.0,175.21370967741936,173.0,178.0,182.0,4.3,0.0,2.891532258064516,2.8,3.0,3.1,94.0,0.0,82.77016129032258,83.0,85.0,87.0,1.6844599002533718e-05,0,2.594610412527901e-06,2.5728357253343193e-06,2.956705693522633e-06,3.1495064492522033e-06,1.1026015914033465e-05,-1.734784616488614e-06,3.826185970027961e-08,-2.2792989298765545e-08,0.0,2.0292712154050034e-08,run,9,6,#15
1616517687,1616517255,1616517472.488372,1616517364.75,1616517472.5,1616517580.25,41.384973,41.383245,41.383966544186045,41.383500250000004,41.3836965,41.384569,2.169405,2.166325,2.1675076674418605,2.1668285000000003,2.16752,2.1679185,56.8,32.4,35.855348837209306,34.2,35.6,36.4,125.0,67.0,100.33023255813953,89.0,107.0,112.0,9.2,0.0,1.3327906976744186,1.1,1.3,1.5,9.898143619895997e-06,0,1.3239026134022856e-06,1.1347241098679996e-06,1.3029004632415837e-06,1.5048495771754143e-06,8.380038417503983e-06,-5.551250103258006e-06,-4.840048773878917e-10,-6.093842565743309e-08,-2.349172441453275e-14,6.339572921099267e-08,walk,9,6,#54
1613300843,1613297637,1613299255.885569,1613298467.75,1613299264.5,1613300051.25,45.185906,45.156114,45.173873389383346,45.167235,45.1779875,45.179995,5.713954,5.696853,5.701885226319136,5.699791749999999,5.70009,5.701486999999999,229.7,219.4,224.63413858868404,221.5,224.6,227.6,7.5,0.0,3.243102352193261,3.1,3.3,3.5,7.784039533359439e-06,0,3.2509944176479885e-06,3.1371435053767566e-06,3.3776376711457515e-06,3.6727804964813453e-06,3.689349262745265e-06,-3.1487848002991786e-06,1.5719466322504936e-09,-2.1158845118017793e-07,2.627543831045464e-13,2.921367285595334e-07,run,9,6,#5
1608231256,1608229220,1608230248.6873968,1608229735.5,1608230260.0,1608230762.5,41.403187,41.386947,41.39489738084755,41.391682,41.394544,41.398365,2.188297,2.165528,2.1777245360484314,2.17145,2.178088,2.184146,47.0,3.8,15.556962025316455,8.0,14.6,22.299999999999997,186.0,90.0,165.4232250963126,159.0,164.0,177.0,13.9,0.0,3.4259218492019814,3.2,3.6,3.8,81.0,0.0,76.22564667033572,77.0,77.0,78.0,4.435367258812447e-05,0,3.552827077230462e-06,2.8988782499494867e-06,3.5594331268959528e-06,3.936667881871727e-06,4.435367258812447e-05,-4.1244762575992336e-05,2.134501710139644e-08,-3.633602470940502e-07,-1.4416974609024075e-08,3.044491526020801e-07,run,9,6,#92
1617092031,1617091666,1617091850.1274238,1617091758.5,1617091850.0,1617091941.5,41.605206,41.602467,41.60367013850416,41.6032385,41.60365,41.6040335,0.646233,0.63453,0.6405709529085872,0.6366255000000001,0.641641,0.6442165,189.4,140.4,154.7213296398892,144.8,153.8,160.4,97.0,63.0,81.8393351800554,76.0,81.0,89.0,7.6,0.0,3.986426592797784,3.2,4.4,5.0,1.8163230844252393e-05,0,3.959639572195269e-06,2.6422572595923832e-06,4.057906543909208e-06,4.906943250382613e-06,1.8163230844252393e-05,-1.4491041434845508e-05,8.345286714374707e-09,-1.3516202560236048e-07,0.0,2.232144503896423e-07,bike,9,6,#62
1618909059,1618908454,1618908759.4716666,1618908609.25,1618908759.5,1618908909.75,41.38665,41.375648,41.38012246833333,41.377309499999996,41.379894,41.38266925,2.164802,2.141332,2.153216465,2.1470685,2.1533355,2.1595535,183.0,-26.8,4.856,-13.2,5.0,8.2,93.0,49.0,69.18833333333333,59.0,69.0,76.75,8.7,0.0,4.565333333333333,3.7,5.0,5.8,6.312154750428864e-05,0,4.7504167785245116e-06,1.8972666100508546e-06,3.834369225591962e-06,5.945900792100494e-06,5.9547165767813116e-05,-2.3977818694192163e-05,4.921487350666027e-08,-9.412768215031612e-07,0.0,1.1235661364286661e-06,bike,9,6,#61
1618745065,1618744735,1618744903.9752321,1618744823.0,1618744904.0,1618744985.0,41.383299,41.375414,41.378879891640864,41.376618,41.378826,41.380888,2.16013,2.14968,2.154030226006192,2.150952,2.153898,2.156655,97.0,-20.0,4.201238390092879,-16.0,-3.4,7.8,89.0,60.0,70.343653250774,64.0,68.0,77.0,11.0,0.0,3.9755417956656345,3.1,4.4,5.3,1.4281021640784231e-05,0,3.935116716856873e-06,2.2077756480462717e-06,3.339775843980544e-06,5.2931428707368366e-06,1.1487091830603037e-05,-1.2351940650100447e-05,9.496816903899976e-09,-2.814837936317063e-07,0.0,1.2568819018164628e-07,bike,9,6,#67
1612684899,1612682056,1612683491.2512195,1612682753.75,1612683334.5,1612684372.25,41.874391,41.852432,41.86426234292683,41.857565,41.86348,41.8717745,0.858247,0.833375,0.8447015990243902,0.8407260000000001,0.844727,0.850004,269.8,235.8,249.27141463414634,243.0,247.2,253.8,195.0,117.0,169.13756097560974,165.0,169.0,175.0,6.7,0.0,2.9119512195121953,2.6,3.2,3.6,99.0,0.0,77.37268292682927,79.0,80.0,81.0,0.0007571576347294383,0,3.4138238959670048e-06,2.5826511533536803e-06,3.1914503597790237e-06,3.58225360243475e-06,0.0007571576347294383,-0.0007571576347294383,8.844937691173112e-09,-2.5912851201949115e-07,0.0,2.3469825673370352e-07,run,9,6,#110
1488449867,1488448004,1488448771.4142013,1488448222.0,1488448486.0,1488449386.5,41.695763,41.683105,41.69147423668639,41.689903,41.692047,41.694462,0.599509,0.590677,0.5965525798816568,0.5951934999999999,0.597758,0.5984185,256.3,242.9,248.35443786982248,246.8,248.0,250.25,191.0,109.0,168.2603550295858,163.5,175.0,180.0,5.0,0.0,2.8615384615384616,2.8,3.0,3.3,90.0,0.0,82.26627218934911,83.0,83.0,84.0,5.2999771564857105e-06,0,2.509835313689062e-06,2.3801629324413494e-06,2.9675749110932748e-06,3.2574183776314355e-06,1.2292477994810866e-06,-6.862978359179554e-07,7.687282009739423e-09,-3.4724198742605886e-08,0.0,2.1690158114690718e-08,run,9,6,#28
1617422928,1617418693,1617420832.264331,1617419457.75,1617420164.5,1617422222.25,41.394346,41.375114,41.38406065958952,41.379257,41.38476,41.38813225,2.196822,2.16572,2.182010134111819,2.1741692500000003,2.1823705,2.1902732499999997,100.6,-16.6,12.733899504600142,-2.8,5.0,21.4,195.0,98.0,168.10828025477707,163.0,167.0,173.0,16.9,0.0,3.1350672328379336,2.8,3.1,3.4,102.0,41.0,77.53857041755131,77.0,78.0,79.0,1.6413645537901776e-05,0,3.096350896651592e-06,2.612781248127974e-06,3.012170519232628e-06,3.4258728803268056e-06,1.3721625789840325e-05,-1.394679239703907e-05,1.0518032080875705e-09,-2.821847051557641e-07,-5.169826259474134e-14,2.441247150259318e-07,run,9,6,#88
1489163411,1489161865,1489162632.5169082,1489162222.0,1489162582.0,1489163075.0,41.653132,41.644784,41.64839317874396,41.647168,41.647715,41.649781,0.575792,0.568001,0.5715179275362319,0.570768,0.571449,0.572524,223.1,212.0,217.40531400966182,216.5,217.2,218.5,4.0,0.0,3.017391304347826,3.0,3.1,3.3,89.0,0.0,83.22705314009661,83.0,84.0,85.0,5.540846237035026e-06,0,2.582245102660072e-06,2.5874637786270537e-06,3.06931140473002e-06,3.3109316276802843e-06,2.8681014165435044e-06,-2.0692019940924823e-06,2.454778392780541e-08,-2.2277597624088787e-08,0.0,2.3849536518277106e-08,run,9,6,#33
1618899244,1618898063,1618898654.4974532,1618898359.75,1618898654.5,1618898949.25,41.389046,41.386659,41.38725012139219,41.38692575,41.386982,41.38719775,2.172603,2.165488,2.1670983089983022,2.165945,2.1660105,2.1676089999999997,67.2,20.8,40.02190152801358,31.0,36.6,49.6,151.0,62.0,121.40577249575551,113.0,125.0,135.0,4.7,0.0,0.9872665534804754,0.3,0.8,1.6,9.563976206642313e-05,0,9.706061369648574e-07,1.3901107680176847e-07,2.78022217642521e-07,1.0842066397303029e-06,9.563976206642313e-05,-9.563976206642313e-05,-1.61322616257206e-10,-9.851156227226943e-08,0.0,9.606207804275957e-08,walk,9,6,#52
1616839659,1616835948,1616837803.5,1616836875.25,1616837803.5,1616838731.75,41.687478,41.46968,41.612420079741376,41.594134,41.625982500000006,41.640301,1.963805,0.683935,1.3531801007543103,1.0281205,1.3613705,1.6944275,700.8,44.8,357.7189655172414,228.6,353.25,492.45,97.0,45.0,65.51858836206897,60.0,64.0,69.0,39.6,0.0,32.782058189655174,33.0,34.2,35.0,0.0007559995998145534,0,3.329906493953681e-05,3.289590629104488e-05,3.4157651069274846e-05,3.5015057232736626e-05,0.0007559995998145534,-0.0007273744811035977,-2.2818775518704213e-24,-2.09857894534074e-07,-7.347967788157335e-13,2.204382291080866e-07,"vehicle",9,6,#43
1608968902,1608965718,1608967294.4026678,1608966490.0,1608967275.0,1608968098.0,41.565555,41.544303,41.55427524927053,41.551583,41.553158,41.557797,0.668862,0.630573,0.6462480379324719,0.633353,0.646335,0.656179,213.6,169.4,193.89729053772405,184.7,194.5,203.4,7.2,0.0,3.487994997915798,3.3,3.6,4.0,1.1801046560643024e-05,0,3.7977652267786847e-06,2.8172936324555494e-06,3.875951940412539e-06,4.817347124847774e-06,5.701256064230416e-06,-5.848380478787778e-06,2.9446154307939106e-07,-9.147374387626064e-07,3.4548618631079586e-08,1.4008647003446715e-06,run,9,6,#7
1618897013,1618895653,1618896334.9955785,1618895995.5,1618896335.0,1618896674.5,41.390278,41.381642,41.38463554458364,41.3824365,41.383709,41.3857575,2.175717,2.166943,2.1711196278555636,2.1699335,2.171456,2.1718945,46.4,-31.2,8.27428150331614,1.0,7.0,14.4,169.0,87.0,131.05526897568166,117.0,127.0,146.0,7.6,0.0,1.7435519528371408,0.9,1.5,2.1,1.5993690675637282e-05,0,1.7093745360218266e-06,5.80474702063834e-07,1.415496759135148e-06,2.001880859810439e-06,1.5993690675637282e-05,-1.5132466436630293e-05,-1.3389224209103948e-10,-6.446310618720156e-08,0.0,6.68880018367543e-08,bike,9,6,#66
1615876184,1615873105,1615874821.867747,1615873955.5,1615874872.0,1615875684.5,41.38727,41.367802,41.379369183481444,41.3754095,41.38065,41.383917,2.189588,2.166795,2.182785190799791,2.178134,2.18483,2.188895,79.6,-8.6,12.424359644537375,7.2,11.6,17.6,198.0,69.0,164.98797699947727,159.0,164.0,171.0,5.7,0.0,3.115525352848928,3.0,3.2,3.4,81.0,51.0,77.9231573444851,77.0,78.0,79.0,8.396725811790268e-05,0,3.187684582998614e-06,2.8922720262624898e-06,3.187650626399936e-06,3.517455211674403e-06,8.396725811790268e-05,-8.080146062519925e-05,2.390783697950265e-09,-2.6828025647051303e-07,3.0568707558732006e-15,2.5790491775796134e-07,run,9,6,#99
1618753755,1618753383,1618753569.9757411,1618753477.0,1618753570.0,1618753663.0,41.366429,41.365104,41.36561557142857,41.365296,41.365722,41.365808,2.142077,2.137715,2.1398141078167114,2.138673,2.139562,2.141082,46.6,17.8,33.64743935309973,24.2,35.8,42.8,168.0,105.0,143.2210242587601,134.0,144.0,156.0,4.2,0.0,1.644743935309973,1.0,1.6,2.2,7.799336007050674e-06,0,1.6436672741891095e-06,0.0,2.127485722302583e-06,2.81897452458951e-06,5.71553745345012e-06,-5.051378210808522e-06,9.498791797420567e-09,-2.0863119650327708e-06,0.0,2.1456225157366877e-06,walk,9,6,#51
1595912048,1595909522,1595910785.4332144,1595910154.0,1595910785.0,1595911417.0,41.597123,41.595923,41.5965281954023,41.59623,41.596566,41.596826,0.651483,0.65047,0.6509598398731669,0.65069,0.65091,0.651255,206.6,173.2,185.98232263178755,178.4,184.6,192.6,187.0,103.0,148.92508917954817,136.0,151.0,162.0,5.0,0.0,1.5433214427269124,1.0,1.2,1.8,96.0,0.0,59.881886642885455,51.0,53.0,58.0,5.643428340225219e-06,0,1.5416459105395264e-06,0.0,0.0,2.906286707706961e-06,4.881994831953846e-06,-4.086060912487412e-06,9.466992588798679e-10,-2.2301086352377153e-06,0.0,2.270466132253885e-06,run,9,6,#104
1614418286,1614410357,1614414364.724551,1614412411.75,1614414380.5,1614416350.25,45.900757,45.848023,45.87196030291591,45.8560155,45.871485,45.886888,6.134551,6.107847,6.125297900286384,6.12041625,6.127672499999999,6.13101225,985.8,452.0,743.0708669617287,643.875,776.0,881.8,5.5,0.0,2.366922676386358,1.5,2.6,3.3,7.4218207421366e-06,0,2.3900542164432927e-06,1.2050711040666572e-06,2.0441252978393565e-06,3.655665869535835e-06,4.320546744406365e-06,-3.978096829156359e-06,8.95045523723924e-11,-3.480839097807298e-07,8.737628019697046e-14,5.089160863713223e-07,run,9,6,#114
1614252887,1614249996,1614251458.9202833,1614250670.75,1614251255.5,1614252270.25,41.394339,41.375133,41.38560748804252,41.3812045,41.386707,41.389627250000004,2.196697,2.165747,2.1821530708591674,2.1740435,2.182811,2.19034425,31.0,-15.8,3.295925597874225,-5.05,-0.2,13.0,179.0,83.0,160.4056687333924,157.0,162.0,167.0,7.0,0.0,3.424402125775022,3.2,3.5,3.8,82.0,0.0,76.0199291408326,76.0,77.0,77.0,1.9278227514936694e-05,0,3.4899306126175407e-06,3.139962137489619e-06,3.528988863236504e-06,3.894307220217919e-06,1.9278227514936694e-05,-1.552372819028485e-05,1.314669452864796e-08,-2.0951475551110764e-07,-2.0227995020401896e-13,2.0115539624428098e-07,run,9,6,#89
1608191752,1608187508,1608189616.6875224,1608188555.0,1608189598.0,1608190712.5,45.886086,45.849962,45.86762262388273,45.8590925,45.869169,45.875823499999996,6.117853,6.10221,6.1122654797997855,6.1100829999999995,6.113961,6.115337,900.9,463.5,694.6659992849482,572.65,708.3,818.6500000000001,11.7,0.0,2.5623882731498036,1.4,2.0,3.4,1.7533491375361715e-05,0,2.663676384154246e-06,1.2449941281602902e-06,1.8971155307828929e-06,3.5706643620574514e-06,1.401013957382287e-05,-8.958894013294025e-06,6.061362407972268e-08,-2.962498224171875e-07,2.4912194118917464e-09,3.31059164713252e-07,bike,9,6,#2
1612879444,1612876878,1612878162.6073997,1612877519.75,1612878158.5,1612878811.25,45.900743,45.875968,45.88838774820144,45.881541,45.888965999999996,45.895101749999995,6.128556,6.118468,6.123588576567317,6.12171875,6.122771999999999,6.1262415,601.5,452.0,521.5053956834532,476.9,527.4,552.625,7.2,0.0,3.0466084275436796,2.4,3.0,3.7,1.1477587300327081e-05,0,3.2578623750781724e-06,2.1412235355396945e-06,3.239479756625714e-06,4.185194145984347e-06,7.822907130689393e-06,-5.215655129822916e-06,1.8273182650466054e-07,-6.793016168647354e-07,1.012928361310335e-12,1.1034055105562526e-06,run,9,6,#41
1488559086,1488558117,1488558604.1888113,1488558357.0,1488558602.0,1488558851.0,41.649439,41.644785,41.64717202097902,41.645693,41.647103,41.648787,0.572895,0.567917,0.570188,0.568634,0.570373,0.571291,223.1,212.5,218.106993006993,217.0,217.8,219.9,3.6,0.0,3.0237762237762236,2.9,3.1,3.2,91.0,0.0,84.9090909090909,84.0,85.0,87.0,4.2988453987994026e-06,0,2.7063610196511856e-06,2.81868260110943e-06,3.0323447573183355e-06,3.188549908412646e-06,2.1494226993997013e-06,-5.782306890695459e-07,9.588050006635465e-09,-1.7290065634595002e-08,0.0,2.2472743916079503e-08,run,9,6,#34
1596086901,1596084124,1596085351.9794521,1596084635.25,1596085294.5,1596086025.75,41.699158,41.683894,41.69292715068493,41.690189,41.693562,41.695727250000004,0.59649,0.575055,0.5806395831702544,0.5765585,0.5778885,0.582449,371.8,264.6,327.6522504892368,290.45,348.8,353.6,186.0,117.0,163.22407045009786,159.0,162.0,168.0,4.6,0.0,2.897504892367906,2.6,3.0,3.4,98.0,41.0,77.43786692759295,78.0,79.0,80.0,8.317643510242032e-05,0,3.000405359658547e-06,2.677843938368351e-06,3.103814937822541e-06,3.5028911260206407e-06,8.317643510242032e-05,-8.037252115395919e-05,-3.385262794136128e-10,-3.479990569336581e-07,-4.609129782484275e-18,3.200872266914918e-07,run,9,6,#106
1618639732,1618637859,1618638799.1104558,1618638332.5,1618638799.0,1618639265.5,41.390035,41.378061,41.38341637908847,41.379675500000005,41.382525,41.386907,2.192977,2.175988,2.1856934595174264,2.1814415,2.185072,2.1903725,60.4,-20.2,21.990670241286864,10.6,20.0,32.5,143.0,73.0,115.41394101876675,109.0,113.0,121.0,8.9,0.0,1.420911528150134,1.0,1.4,1.7,2.514967409306278e-05,0,1.4081606013698974e-06,5.127351729156071e-07,1.4352124978344123e-06,1.8175923910332768e-06,2.4145448613678784e-05,-2.5078659085743104e-05,2.997488703444938e-10,-7.858953474764297e-08,2.5734338745380807e-15,7.858979526948969e-08,walk,9,6,#44
1615993693,1615990391,1615992039.453681,1615991207.25,1615992023.5,1615992876.75,45.900781,45.871136,45.88578105184049,45.877863250000004,45.8865545,45.893252,6.128628,6.118174,6.124071262883436,6.121746,6.1241205,6.12663175,857.4,451.2,626.1088650306748,500.72499999999997,627.45,751.475,9.6,0.0,2.961625766871166,2.2,3.0,3.7,3.0105695294154422e-05,0,2.9956388676559637e-06,1.5586521270709025e-06,3.358223679540355e-06,3.9668424528843356e-06,2.698149943312694e-05,-2.667183988875993e-05,1.1130153557121848e-09,-4.4805624184695457e-07,3.4760393121152047e-08,6.852242427640712e-07,run,9,6,#14
1601352637,1601348579,1601350499.4842923,1601349396.0,1601350220.0,1601351765.0,41.394406,41.36753,41.38298749206843,41.37745,41.384698,41.387462,2.196933,2.165968,2.1844860108864697,2.177493,2.187173,2.189538,96.6,-13.0,20.629175738724726,6.0,10.4,22.4,190.0,97.0,162.05038880248833,154.0,159.0,174.0,12.3,0.0,3.0465629860031105,2.8,3.0,3.2,105.0,0.0,76.43359253499223,76.0,76.0,77.0,5.272263787296977e-05,0,2.7335604055322893e-06,2.6243808187270866e-06,2.9611613982627188e-06,3.2551130453964205e-06,5.272263787296977e-05,-4.976789812051558e-05,3.8470988557284104e-10,-2.4537151203428007e-07,0.0,2.3282788401247516e-07,run,9,6,#82
1616517139,1616516259,1616516703.3383029,1616516485.25,1616516703.5,1616516921.75,41.386448,41.382,41.38380585206422,41.38287325,41.3835975,41.3846955,2.172173,2.166622,2.1698059392201836,2.1684970000000003,2.1697945,2.171174,72.6,5.6,36.40229357798165,19.4,32.4,47.8,200.0,44.0,128.9518348623853,104.0,131.5,153.0,7.3,0.0,1.461467889908257,1.0,1.4,1.8,1.268667735544272e-05,0,1.4383265050307373e-06,8.831033974205713e-07,1.3578351501649643e-06,1.8978702252607461e-06,1.268667735544272e-05,-1.268667735544272e-05,2.889039879827464e-10,-6.504312032361486e-08,0.0,7.065443635469924e-08,walk,9,6,#53
1606888763,1606885425,1606887094.9880505,1606886198.5,1606887054.0,1606887968.5,41.394396,41.384764,41.38962303994538,41.387651,41.389691,41.3914525,2.204922,2.165585,2.185754206555138,2.1758055,2.186173,2.1958824999999997,37.7,7.9,21.022977125298738,14.0,16.1,31.9,7.6,0.0,3.3719016729259135,2.9,3.5,3.9,3.353105187180251e-05,0,3.461054646022401e-06,2.4564521615933145e-06,3.5592154085098754e-06,4.227053451830541e-06,3.264440312375116e-05,-3.3020691677785054e-05,9.013690184287095e-09,-1.0134990662210344e-06,1.661097713541419e-08,1.0284568773352028e-06,run,9,6,#29
1609845087,1609842099,1609843519.4769647,1609842744.0,1609843522.0,1609844299.0,41.607747,41.58599,41.59899691482772,41.594269,41.601478,41.603968,0.647827,0.614965,0.6298199132791328,0.622003,0.629862,0.63686,194.2,130.0,145.14262485481999,137.4,142.6,149.8,178.0,102.0,159.2257065427797,157.0,160.0,164.0,5.4,0.0,3.4123499806426634,3.4,3.5,3.6,83.0,0.0,77.53813395276809,77.0,78.0,79.0,0.00019117169410373653,0,3.5184521523424617e-06,3.1486591606646444e-06,3.520839667639894e-06,3.828820480665942e-06,0.00019117169410373653,-0.00019117169410373653,8.963702132459061e-09,-3.7142570700492224e-07,-9.230965059177365e-18,3.6545674545168947e-07,run,9,6,#84
1605460560,1605458519,1605459484.9524083,1605458955.25,1605459428.5,1605459969.75,41.696939,41.691321,41.693871902522936,41.69246825,41.6936885,41.6951695,0.599393,0.595172,0.5974639449541285,0.59656425,0.5974935,0.5984417500000001,253.9,243.9,249.5183486238532,246.0,251.1,252.6,5.4,0.0,3.4013188073394494,3.2,3.5,3.7,7.677063389473061e-06,0,3.4370021676099546e-06,3.097944604478912e-06,3.612087556822071e-06,4.148372263754381e-06,5.001470937249039e-06,-3.7731048834319978e-06,2.569931297160066e-09,-8.107390597790953e-07,6.425755924374099e-08,9.189527675276367e-07,run,9,6,#19
1608719244,1608715606,1608717318.871825,1608716475.0,1608717319.0,1608718149.0,41.609134,41.582308,41.59665907190309,41.5894,41.597989,41.602262,0.644061,0.61344,0.6273012977725674,0.619935,0.625988,0.635092,165.0,138.5,148.43516998827667,143.5,148.1,149.6,6.6,0.0,3.444548651817116,3.1,3.5,4.0,1.0678354723607982e-05,0,3.776763845197683e-06,2.84407500644463e-06,3.816268242202678e-06,4.7687493960717e-06,7.5135013782282735e-06,-4.780821875431861e-06,2.848066802677763e-07,-8.478584670261529e-07,-3.4063912241832755e-08,1.4366279445942526e-06,run,9,6,#113
1599190137,1599185181,1599187536.8912754,1599186264.0,1599187400.0,1599188956.0,41.626259,41.603475,41.61386679183241,41.607734,41.615411,41.618582,0.6462,0.611845,0.625821968973747,0.619984,0.62538,0.631867,233.0,141.8,175.9342879872713,162.4,172.6,186.4,199.0,77.0,160.12808273667463,157.0,160.0,167.0,8.2,0.0,3.019146115088836,2.8,3.2,3.4,116.0,0.0,76.82630601962344,77.0,78.0,79.0,5.02243269232784e-05,0,2.896638793003191e-06,2.481349719621084e-06,3.1152586017102766e-06,3.5291766416224344e-06,5.02243269232784e-05,-5.02243269232784e-05,1.006820183720683e-08,-3.2664676858436486e-07,0.0,2.8054238599114673e-07,run,9,6,#74
1613812810,1613800557,1613806737.9207678,1613803377.5,1613807246.0,1613810062.5,45.908222,45.883989,45.900306209951786,45.895959500000004,45.902845,45.905138,6.191967,6.119045,6.168390955335213,6.1640999999999995,6.172368,6.182527,1291.2,451.3,820.9056217593014,531.95,772.7,1128.0,6.7,0.0,1.8376603293004639,0.7,1.6,3.0,2.2988426892527354e-05,0,1.8868020411245956e-06,8.797051597115168e-07,1.4476032423863182e-06,3.2631728318590597e-06,1.942202443263512e-05,-2.130314628314378e-05,8.285373038686303e-10,-2.7901585547618685e-07,0.0,3.511172775790597e-07,run,9,6,#11
1618644319,1618640849,1618642585.1087708,1618641717.75,1618642585.5,1618643452.25,41.38704,41.375142,41.379656062319675,41.376742,41.378413,41.38149275,2.19258,2.165465,2.1806967709174843,2.172915,2.1812745,2.1892104999999997,110.2,-0.2,17.630178880553952,4.0,7.6,28.0,188.0,51.0,118.70859780727064,109.0,114.0,124.0,6.0,0.0,1.2998268897864975,1.0,1.2,1.8,5.8177332958007576e-05,0,1.2897710275955736e-06,0.0,0.0,2.643248672744175e-06,5.8177332958007576e-05,-5.8177332958007576e-05,3.701828876560227e-10,-2.3486574353666805e-06,0.0,2.4743073629309443e-06,walk,9,6,#55
1491729015,1491725357,1491727212.8186812,1491726343.25,1491727223.0,1491728129.75,42.543275,42.535395,42.53959706959707,42.537477499999994,42.539688999999996,42.54177,0.50911,0.493222,0.5003971611721612,0.49729325,0.49952850000000004,0.50426925,1386.5,1301.7,1340.0478021978022,1331.6999999999998,1343.4,1349.35,186.0,100.0,164.93223443223442,156.0,169.0,174.0,3.3,0.0,2.5417582417582416,2.3,2.6,2.8,96.0,0.0,85.97802197802197,84.0,87.0,89.0,3.6905802581546124e-06,0,2.5177249055257907e-06,2.321419770233122e-06,2.6071714315956874e-06,2.7987136041033175e-06,2.6778567811590406e-06,-1.2037230870682304e-06,7.154202739564108e-10,-2.4321869882185578e-08,-9.710155158523937e-10,2.2712353655558144e-08,run,9,6,#20
1605036573,1605035556,1605036065.136226,1605035810.0,1605036058.0,1605036320.0,41.38728,41.371997,41.38152531180626,41.379094,41.38225,41.384301,2.189428,2.166188,2.1799761331987892,2.17465,2.1804,2.187017,28.8,-6.2,5.883551967709384,-1.0,4.4,11.2,177.0,90.0,160.06962663975781,158.0,161.0,167.0,7.8,0.0,3.4293642785065592,3.2,3.4,3.6,81.0,0.0,78.28758829465187,78.0,79.0,80.0,2.5235560635702513e-05,0,3.4784084564718014e-06,3.059541124779421e-06,3.436779698901006e-06,3.7541364576781233e-06,2.5235560635702513e-05,-2.5235560635702513e-05,-2.3767018175962794e-09,-3.1839814232329514e-07,-2.0117809268853913e-13,2.777990413795668e-07,run,9,6,#85
1615625928,1615615931,1615620910.8132665,1615618203.75,1615620446.5,1615623686.25,45.829789,45.794203,45.80976797770346,45.800729,45.809177,45.8170425,6.205896,6.168369,6.185631710033445,6.179336,6.181941,6.19179075,1326.8,449.3,859.7540691192866,643.0,814.8,1063.9,5.5,0.0,1.6201895206243033,0.7,1.4,2.3,2.0946115377594667e-05,0,1.6599737164842396e-06,8.895594124907232e-07,1.2618310961449283e-06,2.1054419950131097e-06,1.9684305043267162e-05,-1.8807914264216175e-05,2.5292300567300047e-09,-2.7216609011436404e-07,9.681898930515953e-16,3.6599720055156173e-07,run,9,6,#13
1616831312,1616830321,1616830818.4959514,1616830571.25,1616830818.5,1616831065.75,41.380989,41.375651,41.378844009109315,41.37732525,41.379046,41.38055775,2.185892,2.178883,2.1821195819838057,2.18055675,2.18192,2.18357675,5.8,-55.4,-7.87004048582996,-5.75,-1.2,0.8,211.0,76.0,153.27024291497975,123.0,161.5,184.0,5.5,0.0,1.0337044534412956,0.8,1.0,1.2,5.854700953065797e-06,0,1.037256177176733e-06,0.0,0.0,2.275339356477579e-06,4.822582501131318e-06,-3.7525153412129527e-06,-3.819954434274281e-10,-2.226333692355262e-06,0.0,2.2261122526796653e-06,walk,9,6,#45
1595135597,1595133190,1595134354.3226643,1595133774.25,1595134352.5,1595134930.75,41.613715,41.591322,41.60261370198962,41.59649625,41.599792,41.609716500000005,0.704563,0.645555,0.6775806323529412,0.6654682500000001,0.6812475,0.68771975,212.4,152.4,180.44342560553633,169.2,178.6,190.4,163.0,115.0,135.56704152249134,124.0,129.5,155.0,5.6,0.0,3.271756055363322,3.0,3.4,3.6,82.0,40.0,79.12846020761246,79.0,79.0,80.0,1.178839070174826e-05,0,3.26966770138111e-06,3.006584406076192e-06,3.320437111587293e-06,3.60399708133377e-06,1.178839070174826e-05,-1.178839070174826e-05,-9.586506188165484e-10,-2.607751338976399e-07,0.0,2.6912233015399175e-07,run,9,6,#108
1616409027,1616408273,1616408653.9892905,1616408467.0,1616408654.0,1616408841.0,41.390349,41.387594,41.388801199464524,41.387594,41.388833,41.389539,2.175962,2.168623,2.1718842262382867,2.168623,2.172122,2.174176,58.2,22.2,29.035341365461846,26.0,26.0,29.6,187.0,82.0,115.55287817938421,82.0,117.0,133.0,5.5,0.0,1.4950468540829986,0.9,1.6,2.0,1.1341040591617766e-05,0,1.0129564427419482e-06,0.0,6.950510038468994e-07,1.5532386597361391e-06,9.85318183866225e-06,-7.594312603432849e-06,-3.0119561795772893e-25,-2.572163240516798e-08,0.0,1.210043796372196e-08,walk,9,6,#48
1616423377,1616421099,1616422238,1616421668.0,1616422238.0,1616422808.0,45.900774,45.879787,45.89033993374287,45.885342,45.890313,45.895357,6.129589,6.118386,6.124763790697674,6.12351,6.125196,6.126794,718.0,451.2,552.1146994295743,465.6,528.2,630.7,7.0,0.0,3.1188679245283017,2.3,3.3,4.0,7.362682322655949e-06,0,3.1334205068182355e-06,1.6750928158936534e-06,3.481149302466336e-06,4.170826734890029e-06,3.589546792356268e-06,-3.135398182426612e-06,1.28922577261446e-24,-3.3134149915150517e-07,1.1484859535365525e-08,4.2320653605737507e-07,run,9,6,#111
1492246636,1492242884,1492244769.6427145,1492243787.0,1492244778.0,1492245713.0,42.605268,42.592183,42.59770494810379,42.59503,42.59779,42.600251,0.521688,0.506055,0.5140793433133732,0.5089870000000001,0.513401,0.5199199999999999,1143.6,1094.6,1114.0269461077844,1102.8,1112.3,1121.5,3.4,0.0,2.672255489021956,2.5,2.7,2.9,94.0,0.0,85.48103792415169,84.0,86.0,88.0,4.00733786333654e-06,0,2.651422016218124e-06,2.52068050689731e-06,2.735229487453615e-06,2.9187713797001654e-06,1.9061940097301958e-06,-9.721309802586298e-07,7.894158747621409e-10,-1.8475416715339555e-08,2.911159265707272e-10,2.000471764004314e-08,run,9,6,#27
1618754583,1618753988,1618754286.9881957,1618754138.5,1618754287.0,1618754435.5,41.387018,41.371155,41.37960177234401,41.374702,41.37961,41.385257499999994,2.16584,2.143935,2.1553853406408097,2.148393,2.155472,2.1630055,32.8,-23.0,10.963575042158515,-3.7,19.6,25.4,96.0,47.0,69.40809443507588,57.0,68.0,81.0,7.8,0.0,4.456829679595279,2.5,5.2,6.2,1.2447613771138297e-05,0,4.459248293543796e-06,3.1498397951611967e-06,5.106296269784437e-06,6.226007441974838e-06,9.950431050390294e-06,-7.394347903637818e-06,-8.927413019122052e-25,-3.0287335174871115e-07,0.0,2.5580682442889845e-07,bike,9,6,#63
1607081796,1607079272,1607080534.527087,1607079945.25,1607080508.5,1607081173.75,41.394248,41.375066,41.38506034946714,41.3811665,41.385512,41.38806925,2.196872,2.165517,2.1824099862344584,2.17451025,2.1832715,2.19031425,83.8,-7.8,11.619271758436945,0.0,4.0,18.6,181.0,96.0,149.15808170515098,148.0,158.0,163.0,7.7,0.0,3.488587921847247,3.4,3.6,3.8,84.0,0.0,77.7886323268206,78.0,79.0,79.0,5.2509935246308405e-05,0,3.589898118653057e-06,3.0358878079324994e-06,3.5368164240441796e-06,3.873722677989577e-06,5.2509935246308405e-05,-5.2509935246308405e-05,2.5721587589852805e-08,-3.3317713753135395e-07,-1.4441656973763199e-13,2.7648330374250603e-07,run,9,6,#73
1616671459,1616670656,1616671061.9886792,1616670863.0,1616671062.0,1616671261.0,41.38567,41.375642,41.37987859119497,41.377181,41.379782,41.38205,2.1632,2.141093,2.1519591433962266,2.1463,2.151518,2.158401,34.8,4.8,21.038490566037737,16.8,21.0,27.0,87.0,55.0,67.62012578616353,63.0,68.0,72.0,6.2,0.0,3.26125786163522,1.1,3.9,4.7,1.5979525019327523e-05,0,3.236908191582494e-06,4.1713467080259556e-07,2.2670346348254994e-06,4.8217948132386395e-06,1.5979525019327523e-05,-1.381251444138413e-05,-3.777823433180832e-11,-1.379561337936667e-07,0.0,1.3337147040993803e-07,bike,9,6,#57
1614177956,1614175625,1614176811.1775908,1614176225.75,1614176826.5,1614177392.25,45.900819,45.879774,45.89033240744021,45.8857745,45.890248,45.89525775,6.129626,6.118645,6.1251896926483616,6.123654500000001,6.125831,6.1271605000000005,718.8,451.2,552.2085916740479,473.52500000000003,528.05,631.525,7.3,0.0,3.100487156775908,2.4,3.2,3.9,9.348389592942708e-06,0,3.1306629175860706e-06,1.6575815871295433e-06,3.4842994334324855e-06,4.131090531648219e-06,5.1052927309982645e-06,-4.833491353865432e-06,-2.2873582771223652e-09,-4.5568023546772727e-07,2.429947604263824e-08,6.016516781788386e-07,run,9,6,#112
1602426643,1602411165,1602418670.5881603,1602414506.25,1602417963.0,1602423269.5,45.9016,45.742559,45.81101212175626,45.7673185,45.7947805,45.85605675,6.297054,6.111108,6.204032897242818,6.1461835,6.2101635,6.245309,528.4,450.6,471.63575069508806,455.4,463.8,484.6,11.4,0.0,5.070041705282669,3.9,5.3,6.6,2.718195161340303e-05,0,5.13457926722678e-06,3.7761615023176524e-06,5.366705914864912e-06,6.775555487535415e-06,2.363650530456351e-05,-1.107433024289031e-05,3.582098553651943e-08,-2.9864702111062026e-07,-1.7503169121596872e-08,2.719129799455207e-07,bike,9,6,#8
1614865276,1614863057,1614864229.3400288,1614863707.0,1614864230.0,1614864753.0,45.90075,45.879702,45.88977592300335,45.885078,45.889847,45.895116,6.128706,6.118321,6.125030724055476,6.123752,6.125342,6.126799,718.8,451.2,559.0414155906265,477.7,533.8,637.6,7.2,0.0,3.120468675274988,2.3,3.2,3.9,9.17499993775943e-06,0,3.1742242430499347e-06,1.6483192836236904e-06,3.484276552479149e-06,4.202567893876515e-06,3.6989304777070643e-06,-3.391148787881384e-06,4.023045125292321e-10,-3.71263927251287e-07,1.731187767124102e-08,4.767724078885886e-07,run,9,6,#39
1612957951,1612954240,1612956099.4635525,1612955111.5,1612956130.0,1612956980.5,41.607741,41.595792,41.60064224576019,41.596573,41.600013,41.604778,0.647073,0.621605,0.6293034251710801,0.6239725,0.625365,0.6339935000000001,174.8,130.2,145.95304968759297,142.6,145.4,148.6,195.0,99.0,155.72002380243975,156.0,163.0,167.0,11.4,0.0,3.235168104730735,2.8,3.2,3.8,86.0,0.0,77.16364177328177,77.0,77.0,78.0,2.3822750298954327e-05,0,3.247828731706096e-06,2.655529870089088e-06,3.26941927135417e-06,3.903733506888514e-06,2.2137541944723668e-05,-2.0226120905116342e-05,-1.1983748110414551e-09,-5.327229112570751e-07,0.0,4.7030527095686583e-07,run,9,6,#72
1610389159,1610386748,1610387899.2558138,1610387251.75,1610387716.5,1610388580.25,41.39503,41.375088,41.38511929955703,41.381657000000004,41.384007,41.38878375,2.19172,2.166097,2.1807541755260242,2.1748760000000003,2.1825475,2.18695625,102.0,-0.8,31.906976744186046,7.2,16.6,58.4,190.0,97.0,161.09080841638982,157.0,160.0,166.0,11.9,0.0,3.569324473975637,3.4,3.7,4.0,81.0,0.0,77.02713178294573,77.0,78.0,78.0,0.00041268196605120217,0,3.9803165867354445e-06,3.275414028456661e-06,3.688568002894755e-06,4.088337836214055e-06,0.00041268196605120217,-0.0004091616239585366,1.549427397361672e-08,-2.2061709389720325e-07,-1.8761610332741654e-13,1.9016498750811933e-07,run,9,6,#93
1611760927,1611758097,1611759515.0171773,1611758805.5,1611759516.0,1611760225.25,45.899758,45.876069,45.88770265691736,45.8824255,45.888673,45.891639749999996,6.129858,6.118238,6.12420962534819,6.12286,6.1238535,6.125892,750.8,451.2,581.1579851439183,453.9,571.9,689.7250000000001,5.7,0.0,2.6284122562674095,1.9,2.6,3.4,8.305104105249792e-06,0,2.830177617459111e-06,1.6785498996726688e-06,2.666197177491147e-06,3.842307344263551e-06,5.436765010704049e-06,-3.3139917204444598e-06,1.6243178665484387e-07,-7.241306004068293e-07,1.6091989768405628e-15,1.1413120934892074e-06,run,9,6,#37
1610636852,1610633485,1610635180.028481,1610634332.25,1610635187.5,1610636029.75,45.900705,45.876011,45.88753140822785,45.882194500000004,45.8878725,45.892861499999995,6.133076,6.118286,6.127661754351266,6.126087,6.1283955,6.12981075,783.2,451.2,611.0491693037975,511.025,627.1,700.9,7.0,0.0,2.5712816455696204,1.8,2.6,3.3,1.042874929356944e-05,0,2.7655167996345493e-06,1.6046165941942788e-06,2.5759721956713283e-06,3.844549990486651e-06,6.031866418574234e-06,-4.596802279770344e-06,1.5279990422953332e-07,-6.409062578301266e-07,-1.2280984117604196e-08,9.935647326974385e-07,run,9,6,#38
1607854866,1607853513,1607854189.878049,1607853851.5,1607854190.0,1607854528.5,41.69695,41.683218,41.689728865484106,41.686969000000005,41.689475,41.692164,0.599348,0.590631,0.5947377997043607,0.591677,0.595316,0.5975159999999999,253.9,243.9,249.5518847006652,248.8,250.5,251.0,5.8,0.0,3.4390983000739097,3.2,3.6,3.8,1.2524481608657073e-05,0,3.455142599341417e-06,3.114565173916325e-06,3.6223953529529374e-06,4.164278659683029e-06,9.052531258212781e-06,-9.383469780435864e-06,2.233945327647304e-09,-7.841042557279676e-07,7.709712266568871e-08,9.561007146438574e-07,run,9,6,#25
1617975668,1617974535,1617975105.4928951,1617974823.75,1617975105.5,1617975387.25,41.39272,41.381201,41.387198484014206,41.38446475,41.38701450000001,41.389985749999994,2.1658,2.119935,2.142605418294849,2.1261745000000003,2.143681,2.15703075,61.8,5.6,39.582948490230905,23.349999999999998,44.3,57.4,117.0,59.0,81.50088809946715,72.0,80.0,89.0,9.2,0.0,4.83765541740675,3.6,5.7,6.6,1.7559913518667544e-05,0,4.761227728172428e-06,1.9845529288822335e-06,5.464502226435826e-06,6.919786773080364e-06,1.7088497105760906e-05,-1.469127531031996e-05,-3.085473899577827e-11,-3.4577918180309873e-07,0.0,3.011622348633637e-07,bike,9,6,#65
1605811555,1605809846,1605810728.6720538,1605810296.5,1605810733.0,1605811152.5,41.394509,41.380218,41.38679535016835,41.383399,41.386912,41.3900915,2.187192,2.165447,2.1773940094276094,2.171923,2.17788,2.18337,47.4,-4.6,19.510572390572392,12.0,20.6,28.6,186.0,132.0,165.07340067340067,158.0,162.0,174.0,7.8,0.0,3.7005387205387206,3.4,3.9,4.2,81.0,0.0,77.63501683501684,77.0,78.0,79.0,3.541400899652077e-05,0,3.845782745122313e-06,3.4083650963186045e-06,3.857669072621243e-06,4.254085142705021e-06,3.541400899652077e-05,-3.237815780532422e-05,1.0773985846776458e-08,-1.3782994836973304e-07,0.0,1.3452589840616995e-07,run,9,6,#86
1618159127,1618155864,1618157472.495637,1618156607.5,1618157365.0,1618158352.5,41.394246,41.367846,41.38181215881326,41.376712,41.381386,41.387373499999995,2.196765,2.16613,2.1830413089005236,2.175478,2.185885,2.189371,54.0,-19.0,7.176684118673648,-0.2,3.4,8.2,193.0,91.0,171.48376963350785,161.0,173.0,185.0,6.0,0.0,3.520698080279232,3.3,3.6,3.8,98.0,0.0,77.5846422338569,78.0,78.0,79.0,7.521747139493346e-05,0,3.472964444909193e-06,2.976987598800406e-06,3.5325648428678136e-06,3.9336424846841784e-06,7.521747139493346e-05,-7.247563683151248e-05,6.040283986939518e-09,-4.060950832222363e-07,0.0,3.8901324843450333e-07,run,9,6,#95
